source_id,publisher,source_url,local_file,retrieval_date,period_covered,file_hash,row_count_raw,records_csv_parsed,blank_padding_rows,records_real,records_in_window,records_undated,counts_in_e1,licence,licence_url,attribution,notes
B-DS-02,Bristol City Council,https://www.bristol.gov.uk/files/documents/7493-payment-over-500-2024-03,Bristol_City_Council__2024-03.csv,2026-08-26,2024-03,DC05F36F1CB28EC3F86BD98379D444722FADE6A83E1F0B93917F019E0861FF18,7167,7167,0,7167,7164,0,TRUE,OGL v3.0,https://www.nationalarchives.gov.uk/doc/open-government-licence/version/3/,Contains public sector information licensed under the Open Government Licence v3.0.,encoding=cp1252. date_formats=dd/mm/yyyy=7167. 3 record(s) dated outside the analysis window (file month range 2024-02..2024-03)
B-DS-02,Bristol City Council,https://www.bristol.gov.uk/files/documents/8042-supplier-spend-apr-2024,Bristol_City_Council__2024-04.csv,2026-08-26,2024-04,56302AF315ECADF77DD6ADCE6F7E7CCFB17F561A5AA465E950D3EE326A8B83F3,6727,6727,0,6727,6726,1,TRUE,OGL v3.0,https://www.nationalarchives.gov.uk/doc/open-government-licence/version/3/,Contains public sector information licensed under the Open Government Licence v3.0.,encoding=cp1252. date_formats=dd/mm/yyyy=6726; BLANK=1. 1 record(s) with no usable payment date
B-DS-02,Bristol City Council,https://www.bristol.gov.uk/files/documents/8041-supplier-spend-may-2024,Bristol_City_Council__2024-05.csv,2026-08-26,2024-05,A44A2E6AE6D1630672637A396E23DE22BC6E7B445E480252F4F324F77247C67D,6574,6574,0,6574,6573,1,TRUE,OGL v3.0,https://www.nationalarchives.gov.uk/doc/open-government-licence/version/3/,Contains public sector information licensed under the Open Government Licence v3.0.,encoding=cp1252. date_formats=dd/mm/yyyy=6573; BLANK=1. 1 record(s) with no usable payment date
B-DS-02,Bristol City Council,https://www.bristol.gov.uk/files/documents/8040-supplier-spend-june-2024,Bristol_City_Council__2024-06.csv,2026-08-26,2024-06,F896A2F6C6A4DBAE545A603C04F54BC4A4B5869E771E6F1333CB5B97E88EDC5D,5381,5381,0,5381,5380,1,TRUE,OGL v3.0,https://www.nationalarchives.gov.uk/doc/open-government-licence/version/3/,Contains public sector information licensed under the Open Government Licence v3.0.,encoding=cp1252. date_formats=dd/mm/yyyy=5380; BLANK=1. 1 record(s) with no usable payment date
B-DS-02,Bristol City Council,https://www.bristol.gov.uk/files/documents/8039-supplier-spend-july-2024,Bristol_City_Council__2024-07.csv,2026-08-26,2024-07,D0C16B0977FADFE521C169A5E10A6AD2D5AD02CE65A751B01E4F01A4E6C329A9,5945,5945,0,5945,5944,1,TRUE,OGL v3.0,https://www.nationalarchives.gov.uk/doc/open-government-licence/version/3/,Contains public sector information licensed under the Open Government Licence v3.0.,encoding=cp1252. date_formats=dd/mm/yyyy=5944; BLANK=1. 1 record(s) with no usable payment date
B-DS-02,Bristol City Council,https://www.bristol.gov.uk/files/documents/8526-supplier-spend-august-2024,Bristol_City_Council__2024-08.csv,2026-08-26,2024-08,B47D18077ED641A80F2D501F8AD6403239D056322FF5DF288BD1F9FA62A18B21,6077,6077,0,6077,6076,1,TRUE,OGL v3.0,https://www.nationalarchives.gov.uk/doc/open-government-licence/version/3/,Contains public sector information licensed under the Open Government Licence v3.0.,encoding=cp1252. date_formats=dd/mm/yyyy=6076; BLANK=1. 1 record(s) with no usable payment date
B-DS-02,Bristol City Council,https://www.bristol.gov.uk/files/documents/8527-supplier-spend-september-2024,Bristol_City_Council__2024-09.csv,2026-08-26,2024-09,1833D6D87430A8B62218E661B9204CE20B185C006B74734A74A3D9AD8FFA7510,4984,4984,0,4984,4983,1,TRUE,OGL v3.0,https://www.nationalarchives.gov.uk/doc/open-government-licence/version/3/,Contains public sector information licensed under the Open Government Licence v3.0.,encoding=cp1252. date_formats=dd/mm/yyyy=4983; BLANK=1. 1 record(s) with no usable payment date
B-DS-02,Bristol City Council,https://www.bristol.gov.uk/files/documents/8528-supplier-spend-october-2024,Bristol_City_Council__2024-10.csv,2026-08-26,2024-10,0E92D35A88142E54B244D9E8949974B8A0D7BC5B1F96154873831BCE050D8EAA,5868,5868,0,5868,5867,1,TRUE,OGL v3.0,https://www.nationalarchives.gov.uk/doc/open-government-licence/version/3/,Contains public sector information licensed under the Open Government Licence v3.0.,encoding=cp1252. date_formats=dd/mm/yyyy=5867; BLANK=1. 1 record(s) with no usable payment date
B-DS-02,Bristol City Council,https://www.bristol.gov.uk/files/documents/8636-supplier-spend-november-2024,Bristol_City_Council__2024-11.csv,2026-08-26,2024-11,4D1E4CB622FA1EDE9AC4D286446E81B543B731AA29F298DBA6FA9E42DA00C8FC,5898,5898,0,5898,5897,1,TRUE,OGL v3.0,https://www.nationalarchives.gov.uk/doc/open-government-licence/version/3/,Contains public sector information licensed under the Open Government Licence v3.0.,encoding=cp1252. date_formats=dd/mm/yyyy=5897; BLANK=1. 1 record(s) with no usable payment date
B-DS-02,Bristol City Council,https://www.bristol.gov.uk/files/documents/8918-supplier-spend-december-2024,Bristol_City_Council__2024-12.csv,2026-08-26,2024-12,8F694607FF6FBDB238C8BCB6D35238DFD18CE94D1101F7468A8CF7B1888111B1,5412,5412,0,5412,5410,1,TRUE,OGL v3.0,https://www.nationalarchives.gov.uk/doc/open-government-licence/version/3/,Contains public sector information licensed under the Open Government Licence v3.0.,encoding=cp1252. date_formats=dd/mm/yyyy=5411; BLANK=1. 1 record(s) with no usable payment date. 1 record(s) dated outside the analysis window (file month range 2023-12..2024-12)
B-DS-02,Bristol City Council,https://www.bristol.gov.uk/files/documents/8919-supplier-spend-january-2025,Bristol_City_Council__2025-01.csv,2026-08-26,2025-01,C812C9802704D80E41E423959286B6E355DA2AF5CA7ADFF4ECAFF1D3C947BD5F,5725,5725,0,5725,5723,1,TRUE,OGL v3.0,https://www.nationalarchives.gov.uk/doc/open-government-licence/version/3/,Contains public sector information licensed under the Open Government Licence v3.0.,encoding=cp1252. date_formats=dd/mm/yyyy=5724; BLANK=1. 1 record(s) with no usable payment date. 1 record(s) dated outside the analysis window (file month range 2024-01..2025-01)
B-DS-02,Bristol City Council,https://www.bristol.gov.uk/files/documents/9398-supplier-spend-february-2025,Bristol_City_Council__2025-02.csv,2026-08-26,2025-02,89C8B594697DAF433310329032533FAFD657F32396C871DD424476F3F1C11E55,5617,5617,0,5617,5616,1,TRUE,OGL v3.0,https://www.nationalarchives.gov.uk/doc/open-government-licence/version/3/,Contains public sector information licensed under the Open Government Licence v3.0.,encoding=cp1252. date_formats=dd/mm/yyyy=5616; BLANK=1. 1 record(s) with no usable payment date
B-DS-02,City of York Council,https://data.yorkopendata.org/dataset/27bc1dc6-d62f-4b93-a326-13989f5bfb56/resource/77df7495-0abe-4273-b927-c7efadc2e4e4/download/over250payments2023.csv,City_of_York_Council__2024-03.csv,2026-08-26,2024-03,5D2CDF1712ADC5B3416CC4E0CEABE1C896D4D2758B416428BF8A85AFA395AFFF,61708,61708,0,61708,5256,0,TRUE,OGL v3.0,https://www.nationalarchives.gov.uk/doc/open-government-licence/version/3/,Contains public sector information licensed under the Open Government Licence v3.0.,WHOLE FY2023/24 file (Apr 2023-Mar 2024). Period is a filename label only - filter to 2024-03 at staging. encoding=cp1252. MULTIPLE DATE FORMATS IN ONE COLUMN: dd/mm/yyyy=35099; dd/mm/yyyy HH:MM=26609. 56452 record(s) dated outside the analysis window (file month range 2023-04..2024-03)
B-DS-02,City of York Council,https://data.yorkopendata.org/dataset/27bc1dc6-d62f-4b93-a326-13989f5bfb56/resource/b9987983-d122-4d50-bf33-d161bca2968c/download/over250payments2024.csv,City_of_York_Council__2024-04.csv,2026-08-26,2024-04,E0D410BE0AF267EC26AADBD0CF7F966B96E81120D940EA16BEC4BAFF248C347E,63095,63095,0,63095,56991,0,TRUE,OGL v3.0,https://www.nationalarchives.gov.uk/doc/open-government-licence/version/3/,Contains public sector information licensed under the Open Government Licence v3.0.,WHOLE FY2024/25 file (Apr 2024-Mar 2025). Period is a filename label only - filter to 2024-04..2025-02 at staging. encoding=cp1252. MULTIPLE DATE FORMATS IN ONE COLUMN: dd/mm/yyyy HH:MM=45977; dd/mm/yyyy=17118. 6104 record(s) dated outside the analysis window (file month range 2024-04..2025-03)
B-DS-01,Department for Transport,https://assets.publishing.service.gov.uk/media/6708ff01e84ae1fd8592f1f4/dfts-spending-over-25000-for-march-2024.csv,Department_for_Transport__2024-03.csv,2026-08-26,2024-03,AF1397F268085F619D315A308F5440ED675337EEFACB774830BA303C6D0B35EC,3515,3515,0,3515,3515,0,TRUE,OGL v3.0,https://www.nationalarchives.gov.uk/doc/open-government-licence/version/3/,Contains public sector information licensed under the Open Government Licence v3.0.,encoding=cp1252. date_formats=dd/mm/yyyy=3515
B-DS-01,Department for Transport,https://assets.publishing.service.gov.uk/media/6708ffec080bdf716392f210/dfts-spending-over-25000-for-april-2024.csv,Department_for_Transport__2024-04.csv,2026-08-26,2024-04,982766D1253DCED9CBE27EAA4450AB30100394B382C0A201A49E6B702162DF25,3045,3045,0,3045,3045,0,TRUE,OGL v3.0,https://www.nationalarchives.gov.uk/doc/open-government-licence/version/3/,Contains public sector information licensed under the Open Government Licence v3.0.,encoding=cp1252. date_formats=dd/mm/yyyy=3045
B-DS-01,Department for Transport,https://assets.publishing.service.gov.uk/media/6740908af4f9feabf492906b/dfts-spending-over-25_000-for-may-2024.csv,Department_for_Transport__2024-05.csv,2026-08-26,2024-05,498C16634951E73C6B9317A29C694625887925E62DDC6C5F17D21F57A8ABBF8B,2448,2446,0,2446,2446,0,TRUE,OGL v3.0,https://www.nationalarchives.gov.uk/doc/open-government-licence/version/3/,Contains public sector information licensed under the Open Government Licence v3.0.,encoding=cp1252. date_formats=dd/mm/yyyy=2446. 2 record(s) span embedded newlines - line count != record count
B-DS-01,Department for Transport,https://assets.publishing.service.gov.uk/media/674091a702bf39539bdee87a/dfts-spending-over-25_000-for-june-2024.csv,Department_for_Transport__2024-06.csv,2026-08-26,2024-06,898F98A343D3D27E1AD63580464E65A79A760703145FACB4D114C03BCDDF8AC4,2602,2599,0,2599,2599,0,TRUE,OGL v3.0,https://www.nationalarchives.gov.uk/doc/open-government-licence/version/3/,Contains public sector information licensed under the Open Government Licence v3.0.,encoding=cp1252. date_formats=dd/mm/yyyy=2599. 3 record(s) span embedded newlines - line count != record count
B-DS-01,Department for Transport,https://assets.publishing.service.gov.uk/media/678e3ef491b710d43488f639/dfts-spending-over-25000-for-july-2024.csv,Department_for_Transport__2024-07.csv,2026-08-26,2024-07,A063A64D6833CC6A0400DAEF26060F54CE282072D6A59BCE878F96F767A87E45,2838,2838,0,2838,2838,0,TRUE,OGL v3.0,https://www.nationalarchives.gov.uk/doc/open-government-licence/version/3/,Contains public sector information licensed under the Open Government Licence v3.0.,encoding=cp1252. date_formats=dd/mm/yyyy=2838
B-DS-01,Department for Transport,https://assets.publishing.service.gov.uk/media/678e3fdeaf483d80fc9bdaf8/dfts-spending-over-25000-for-august-2024.csv,Department_for_Transport__2024-08.csv,2026-08-26,2024-08,DF57E7FF65DAA495FD81DB3BF4EA2D3D54CFFD46E84395550E4CF432C8694C32,2492,2492,0,2492,2492,0,TRUE,OGL v3.0,https://www.nationalarchives.gov.uk/doc/open-government-licence/version/3/,Contains public sector information licensed under the Open Government Licence v3.0.,encoding=cp1252. date_formats=dd/mm/yyyy=2492
B-DS-01,Department for Transport,https://assets.publishing.service.gov.uk/media/67b2ff70b56d8b0856c2fd32/dft-spending-over-25000-for-september-2024.csv,Department_for_Transport__2024-09.csv,2026-08-26,2024-09,F305F886F83F37A5B332701BF896735BC18F37A168B1A167B51EF62C420349C2,2440,2440,0,2440,2440,0,TRUE,OGL v3.0,https://www.nationalarchives.gov.uk/doc/open-government-licence/version/3/,Contains public sector information licensed under the Open Government Licence v3.0.,"URL CORRECTED 2026-08-26: catalogue registered the publication page, not the file. encoding=cp1252. date_formats=dd/mm/yyyy=2440"
B-DS-01,Department for Transport,https://assets.publishing.service.gov.uk/media/67b300df421271d7e45f57dc/dft-spending-over-25000-for-october-2024.csv,Department_for_Transport__2024-10.csv,2026-08-26,2024-10,E007488F0E038099577E01CAEE1E47925082A7D8987CE93A75A635FD8F15ECEC,2794,2793,0,2793,2793,0,TRUE,OGL v3.0,https://www.nationalarchives.gov.uk/doc/open-government-licence/version/3/,Contains public sector information licensed under the Open Government Licence v3.0.,"URL CORRECTED 2026-08-26: catalogue registered the publication page, not the file. encoding=cp1252. date_formats=dd/mm/yyyy=2793. 1 record(s) span embedded newlines - line count != record count"
B-DS-01,Department for Transport,https://assets.publishing.service.gov.uk/media/67ff6534393a986ec5cf8de1/dfts-spending-over-_25000-for-november-2024.csv,Department_for_Transport__2024-11.csv,2026-08-26,2024-11,C9732EC087DEE253A780B510B200DF595F1D77A057C7C9FFA19E9C3342BBF2A7,2561,2561,0,2561,2561,0,TRUE,OGL v3.0,https://www.nationalarchives.gov.uk/doc/open-government-licence/version/3/,Contains public sector information licensed under the Open Government Licence v3.0.,"URL CORRECTED 2026-08-26: catalogue registered the publication page, not the file. encoding=cp1252. date_formats=dd/mm/yyyy=2561"
B-DS-01,Department for Transport,https://assets.publishing.service.gov.uk/media/67ff667db73354468d1354fd/dfts-spending-over-_25000-for-december-2024.csv,Department_for_Transport__2024-12.csv,2026-08-26,2024-12,AD41F1EF6048C471DD3A56A7BD13EA81C4B2EAD536CC87F59A45F756CD381439,2645,2644,0,2644,2644,0,TRUE,OGL v3.0,https://www.nationalarchives.gov.uk/doc/open-government-licence/version/3/,Contains public sector information licensed under the Open Government Licence v3.0.,"URL CORRECTED 2026-08-26: catalogue registered the publication page, not the file. encoding=cp1252. date_formats=dd/mm/yyyy=2644. 1 record(s) span embedded newlines - line count != record count"
B-DS-01,Department for Transport,https://assets.publishing.service.gov.uk/media/684c2290df3ce2ce31e3f988/dft-spending-over-25000-january-2025.csv,Department_for_Transport__2025-01.csv,2026-08-26,2025-01,676038FD0ACAF7D9FDC9640247E2BF9FBA553C88ACC619C3A2C4D9433B23CFF0,2556,2556,0,2556,2556,0,TRUE,OGL v3.0,https://www.nationalarchives.gov.uk/doc/open-government-licence/version/3/,Contains public sector information licensed under the Open Government Licence v3.0.,"URL CORRECTED 2026-08-26: catalogue registered the publication page, not the file. encoding=utf-8-bom. date_formats=dd/mm/yyyy=2556"
B-DS-01,Department for Transport,https://assets.publishing.service.gov.uk/media/684c23adda3d1b49e679705b/dft-spending-over-25000-february-2025.csv,Department_for_Transport__2025-02.csv,2026-08-26,2025-02,641BB70232474EC74044366A32CDAD178FDC2590B396D9131A03F355C646BCE4,2588,2586,0,2586,2586,0,TRUE,OGL v3.0,https://www.nationalarchives.gov.uk/doc/open-government-licence/version/3/,Contains public sector information licensed under the Open Government Licence v3.0.,"URL CORRECTED 2026-08-26: catalogue registered the publication page, not the file. encoding=utf-8-bom. date_formats=dd/mm/yyyy=2586. 2 record(s) span embedded newlines - line count != record count"
B-DS-01,HM Revenue and Customs,https://assets.publishing.service.gov.uk/media/662973a8932c7db64ca7e4fa/HMRC_spending_over_25000_for_March_2024.csv,HM_Revenue_and_Customs__2024-03.csv,2026-08-26,2024-03,19A09626972ADA999B51F3189136EFBEC22C730EDD6885BB4879927EF532352B,1072,1072,0,1072,1072,0,TRUE,OGL v3.0,https://www.nationalarchives.gov.uk/doc/open-government-licence/version/3/,Contains public sector information licensed under the Open Government Licence v3.0.,encoding=cp1252. date_formats=dd/mm/yyyy=1072
B-DS-01,HM Revenue and Customs,https://assets.publishing.service.gov.uk/media/6657478ed470e3279dd33373/HMRC_spending_over_25000_for_April_2024.csv,HM_Revenue_and_Customs__2024-04.csv,2026-08-26,2024-04,E58C49EFCFB130345EF0AC605E206E88BEB3AC9C2449ED6A75E5E99D45FC1E88,987,987,0,987,987,0,TRUE,OGL v3.0,https://www.nationalarchives.gov.uk/doc/open-government-licence/version/3/,Contains public sector information licensed under the Open Government Licence v3.0.,encoding=cp1252. date_formats=dd/mm/yyyy=987
B-DS-01,HM Revenue and Customs,https://assets.publishing.service.gov.uk/media/667d85c9aec8650b10090125/HMRC_spending_over_25000_for_May_2024.csv,HM_Revenue_and_Customs__2024-05.csv,2026-08-26,2024-05,98DCED655F13750D0F12D2DD613BCE017E0B9F5D9C70BB82663D2B37D2EE088B,875,875,0,875,875,0,TRUE,OGL v3.0,https://www.nationalarchives.gov.uk/doc/open-government-licence/version/3/,Contains public sector information licensed under the Open Government Licence v3.0.,encoding=cp1252. date_formats=dd/mm/yyyy=875
B-DS-01,HM Revenue and Customs,https://assets.publishing.service.gov.uk/media/66a36c16ce1fd0da7b592d9c/HMRC_spending_over_25000_for_June_2024.csv,HM_Revenue_and_Customs__2024-06.csv,2026-08-26,2024-06,5696300207F78ED55AE404ECA73050D955546C861E2D7F0C5058AFF8E4A08B06,900,900,0,900,900,0,TRUE,OGL v3.0,https://www.nationalarchives.gov.uk/doc/open-government-licence/version/3/,Contains public sector information licensed under the Open Government Licence v3.0.,encoding=cp1252. date_formats=dd/mm/yyyy=900
B-DS-01,HM Revenue and Customs,https://assets.publishing.service.gov.uk/media/66cef4730b53069322597bcf/HMRC_spending_over_25000_for_July_2024.csv,HM_Revenue_and_Customs__2024-07.csv,2026-08-26,2024-07,13AE202C14960F5FE8C3D847E6C33CD10890FAB865C98ADAE47C2423FD96F452,4991,4991,3999,992,992,0,TRUE,OGL v3.0,https://www.nationalarchives.gov.uk/doc/open-government-licence/version/3/,Contains public sector information licensed under the Open Government Licence v3.0.,"encoding=cp1252. date_formats=dd/mm/yyyy=992. 3,999 blank padding rows excluded from records_real"
B-DS-01,HM Revenue and Customs,https://assets.publishing.service.gov.uk/media/66f511a53b919067bb48273d/HMRC_spending_over_25000_for_August_2024.csv,HM_Revenue_and_Customs__2024-08.csv,2026-08-26,2024-08,40128C54CF6F411DC8056E8406335A410B84A4E26E458B35131FFBEDAD3D38D1,4991,4991,4100,891,891,0,TRUE,OGL v3.0,https://www.nationalarchives.gov.uk/doc/open-government-licence/version/3/,Contains public sector information licensed under the Open Government Licence v3.0.,"encoding=cp1252. date_formats=dd/mm/yyyy=891. 4,100 blank padding rows excluded from records_real"
B-DS-01,HM Revenue and Customs,https://assets.publishing.service.gov.uk/media/67176ba1a0acc1ea2be2c35a/HMRC_spending_over_25000_for_September_2024.csv,HM_Revenue_and_Customs__2024-09.csv,2026-08-26,2024-09,B1CA1C9619D423D882E6AB429A8DF0465B8E1FBE38141B836C42D42C12E0012C,4991,4991,4102,889,889,0,TRUE,OGL v3.0,https://www.nationalarchives.gov.uk/doc/open-government-licence/version/3/,Contains public sector information licensed under the Open Government Licence v3.0.,"encoding=cp1252. date_formats=dd/mm/yyyy=889. 4,102 blank padding rows excluded from records_real"
B-DS-01,HM Revenue and Customs,https://assets.publishing.service.gov.uk/media/6746d6a9da210676b4ffe1d9/HMRC_spending_over_25000_for_October_2024.csv,HM_Revenue_and_Customs__2024-10.csv,2026-08-26,2024-10,8C4A30E1B31B7E45D9810D2229C283F5C6039AF1AD090C28E08E74B2271BDE30,976,976,0,976,976,0,TRUE,OGL v3.0,https://www.nationalarchives.gov.uk/doc/open-government-licence/version/3/,Contains public sector information licensed under the Open Government Licence v3.0.,encoding=cp1252. date_formats=dd/mm/yyyy=976
B-DS-01,HM Revenue and Customs,https://assets.publishing.service.gov.uk/media/676972e9be7b2c675de309ee/HMRC_spending_over_25000_for_November_2024.csv,HM_Revenue_and_Customs__2024-11.csv,2026-08-26,2024-11,71A1C67DF2009242EA45D33ED138B005A0117BA5D92E8598B2949DF4A5FFFA86,955,955,0,955,955,0,TRUE,OGL v3.0,https://www.nationalarchives.gov.uk/doc/open-government-licence/version/3/,Contains public sector information licensed under the Open Government Licence v3.0.,encoding=cp1252. date_formats=dd/mm/yyyy=955
B-DS-01,HM Revenue and Customs,https://assets.publishing.service.gov.uk/media/679a49f20601880a921f7877/HMRC_spending_over_25000_for_December_2024.csv,HM_Revenue_and_Customs__2024-12.csv,2026-08-26,2024-12,DF06E82D2BBF2CDF21C0E5C71F3FB42D0A474A8959217C89D7D5BDB1DAEC82FE,1101,1101,0,1101,1101,0,TRUE,OGL v3.0,https://www.nationalarchives.gov.uk/doc/open-government-licence/version/3/,Contains public sector information licensed under the Open Government Licence v3.0.,encoding=cp1252. date_formats=dd/mm/yyyy=1101
B-DS-01,HM Revenue and Customs,https://assets.publishing.service.gov.uk/media/67befeeb16dc9038974dbb78/HMRC_spending_over_25000_for_January_2025.csv,HM_Revenue_and_Customs__2025-01.csv,2026-08-26,2025-01,3C95013106EE4D3389A2EFD253EB3D5227EE65B264D6C8EED1B0BCBEB5093B1C,918,918,0,918,918,0,TRUE,OGL v3.0,https://www.nationalarchives.gov.uk/doc/open-government-licence/version/3/,Contains public sector information licensed under the Open Government Licence v3.0.,encoding=cp1252. date_formats=dd/mm/yyyy=918
B-DS-01,HM Revenue and Customs,https://assets.publishing.service.gov.uk/media/67e07221c6194abe97358c70/HMRC_spending_over_25000_for_February_2025.csv,HM_Revenue_and_Customs__2025-02.csv,2026-08-26,2025-02,D5345EF3E4A7FBEAD9861BF104B8199BEC3614A62642A1CAD2165BC59BCAC435,1002,1002,0,1002,1002,0,TRUE,OGL v3.0,https://www.nationalarchives.gov.uk/doc/open-government-licence/version/3/,Contains public sector information licensed under the Open Government Licence v3.0.,encoding=utf-8-bom. date_formats=dd/mm/yyyy=1002
B-DS-02,Manchester City Council,https://www.manchester.gov.uk/__data/assets/file/0023/125852/expenditure_exceeding_500_march_2024.csv,Manchester_City_Council__2024-03.csv,2026-08-26,2024-03,575762669C4B9CF9C6980495AFDD2C909F60D1CF055E612068941AA23BD628F8,5355,5355,0,5355,5355,0,TRUE,OGL v3.0,https://www.manchester.gov.uk/info/500215/open_data/8952/open_data_terms_and_licensing,(c) Manchester City Council retains the sole intellectual property rights to all data. This data set is licensed under the Open Government Licence 3.0,"From FY2023/24 page. B-U-6 RESOLVED: CSV confirmed. B-U-7 RESOLVED 2026-08-29: OGL v3.0, council-specific attribution. encoding=cp1252. date_formats=dd-Mon-yy=5355"
B-DS-02,Manchester City Council,https://www.manchester.gov.uk/__data/assets/file/0020/125615/expenditure_exceeding_500_april_2024.csv,Manchester_City_Council__2024-04.csv,2026-08-26,2024-04,3EDD6220F23273AA82543BEFF4B39B58DCFFB44E5EBEEBC729512FD0A619A20C,10440,10440,2,10438,10437,1,TRUE,OGL v3.0,https://www.manchester.gov.uk/info/500215/open_data/8952/open_data_terms_and_licensing,(c) Manchester City Council retains the sole intellectual property rights to all data. This data set is licensed under the Open Government Licence 3.0,"CORRECTION issued by council - restatement. B-U-6 RESOLVED: CSV confirmed. B-U-7 RESOLVED 2026-08-29: OGL v3.0, council-specific attribution. encoding=cp1252. date_formats=dd/mm/yyyy=10437; BLANK=1. 2 blank padding rows excluded from records_real. 1 record(s) with no usable payment date"
B-DS-02,Manchester City Council,https://www.manchester.gov.uk/__data/assets/file/0021/125616/expenditure_exceeding_500_may_2024.csv,Manchester_City_Council__2024-05.csv,2026-08-26,2024-05,67A01CF2868DF6FA5E3490C8467A4CE60C8231638453790BD3C224C48ECA8A59,7550,7550,0,7550,7550,0,TRUE,OGL v3.0,https://www.manchester.gov.uk/info/500215/open_data/8952/open_data_terms_and_licensing,(c) Manchester City Council retains the sole intellectual property rights to all data. This data set is licensed under the Open Government Licence 3.0,"CORRECTION issued by council - restatement. B-U-6 RESOLVED: CSV confirmed. B-U-7 RESOLVED 2026-08-29: OGL v3.0, council-specific attribution. encoding=cp1252. date_formats=dd/mm/yyyy=7550"
B-DS-02,Manchester City Council,https://www.manchester.gov.uk/__data/assets/file/0022/125617/expenditure_exceeding_500_june_2024.csv,Manchester_City_Council__2024-06.csv,2026-08-26,2024-06,6054B4A6B8227185234832AACFA05B19B9163497F65D397A54D9C24C9E2A2930,10047,10047,0,10047,10047,0,TRUE,OGL v3.0,https://www.manchester.gov.uk/info/500215/open_data/8952/open_data_terms_and_licensing,(c) Manchester City Council retains the sole intellectual property rights to all data. This data set is licensed under the Open Government Licence 3.0,"CORRECTION issued by council - restatement. B-U-6 RESOLVED: CSV confirmed. B-U-7 RESOLVED 2026-08-29: OGL v3.0, council-specific attribution. encoding=cp1252. date_formats=dd/mm/yyyy=10047"
B-DS-02,Manchester City Council,https://www.manchester.gov.uk/__data/assets/file/0023/125618/expenditure_exceeding_500_july_2024.csv,Manchester_City_Council__2024-07.csv,2026-08-26,2024-07,95F9CC1066FE7169CB0F104B8A1718F7B27E461137D15F45FAA82483D6E4DD15,10446,10446,0,10446,10446,0,TRUE,OGL v3.0,https://www.manchester.gov.uk/info/500215/open_data/8952/open_data_terms_and_licensing,(c) Manchester City Council retains the sole intellectual property rights to all data. This data set is licensed under the Open Government Licence 3.0,"B-U-6 RESOLVED: CSV confirmed. B-U-7 RESOLVED 2026-08-29: OGL v3.0, council-specific attribution. encoding=cp1252. date_formats=dd/mm/yyyy=10446"
B-DS-02,Manchester City Council,https://www.manchester.gov.uk/__data/assets/file/0024/125619/expenditure_exceeding_500_august_2024.csv,Manchester_City_Council__2024-08.csv,2026-08-26,2024-08,3BE4893849365677972231F732FEA99F7F33021A6418736F1B7E1C3268DD081F,6286,6286,0,6286,6286,0,TRUE,OGL v3.0,https://www.manchester.gov.uk/info/500215/open_data/8952/open_data_terms_and_licensing,(c) Manchester City Council retains the sole intellectual property rights to all data. This data set is licensed under the Open Government Licence 3.0,"B-U-6 RESOLVED: CSV confirmed. B-U-7 RESOLVED 2026-08-29: OGL v3.0, council-specific attribution. encoding=cp1252. date_formats=dd/mm/yyyy=6286"
B-DS-02,Manchester City Council,https://www.manchester.gov.uk/__data/assets/file/0016/125620/expenditure_exceeding_500_september_2024.csv,Manchester_City_Council__2024-09.csv,2026-08-26,2024-09,6E4D511E0677DB1249ADA568EB9B01C056DF918E035833E68403D633F8A11BFD,9275,9275,0,9275,9275,0,TRUE,OGL v3.0,https://www.manchester.gov.uk/info/500215/open_data/8952/open_data_terms_and_licensing,(c) Manchester City Council retains the sole intellectual property rights to all data. This data set is licensed under the Open Government Licence 3.0,"B-U-6 RESOLVED: CSV confirmed. B-U-7 RESOLVED 2026-08-29: OGL v3.0, council-specific attribution. encoding=cp1252. date_formats=dd/mm/yyyy=9275"
B-DS-02,Manchester City Council,https://www.manchester.gov.uk/__data/assets/file/0017/125621/expenditure_exceeding_500_october_2024.csv,Manchester_City_Council__2024-10.csv,2026-08-26,2024-10,B33A2DEE9310CC45418E41EE2165EB748B149A73EF98A89D1B8CFFCB05915F1B,11748,11748,0,11748,11747,0,TRUE,OGL v3.0,https://www.manchester.gov.uk/info/500215/open_data/8952/open_data_terms_and_licensing,(c) Manchester City Council retains the sole intellectual property rights to all data. This data set is licensed under the Open Government Licence 3.0,"B-U-6 RESOLVED: CSV confirmed. B-U-7 RESOLVED 2026-08-29: OGL v3.0, council-specific attribution. encoding=cp1252. date_formats=dd/mm/yyyy=11748. 1 record(s) dated outside the analysis window (file month range 2023-10..2024-10)"
B-DS-02,Manchester City Council,https://www.manchester.gov.uk/__data/assets/file/0018/125622/expenditure_exceeding_500_november_2024.csv,Manchester_City_Council__2024-11.csv,2026-08-26,2024-11,3DE9022E962CCEC9727F3FAEAFCD5877DB30B732EF3F678A6B648FC51A6F5A65,10698,10698,0,10698,10698,0,TRUE,OGL v3.0,https://www.manchester.gov.uk/info/500215/open_data/8952/open_data_terms_and_licensing,(c) Manchester City Council retains the sole intellectual property rights to all data. This data set is licensed under the Open Government Licence 3.0,"B-U-6 RESOLVED: CSV confirmed. B-U-7 RESOLVED 2026-08-29: OGL v3.0, council-specific attribution. encoding=cp1252. date_formats=dd/mm/yyyy=10698"
B-DS-02,Manchester City Council,https://www.manchester.gov.uk/__data/assets/file/0019/125623/expenditure_exceeding_500_december_2024.csv,Manchester_City_Council__2024-12.csv,2026-08-26,2024-12,5DC09DA84529A74BF5271DA0158A065E63CA42617EE93158D94B51E0690B16AB,9879,9879,0,9879,9869,0,TRUE,OGL v3.0,https://www.manchester.gov.uk/info/500215/open_data/8952/open_data_terms_and_licensing,(c) Manchester City Council retains the sole intellectual property rights to all data. This data set is licensed under the Open Government Licence 3.0,"B-U-6 RESOLVED: CSV confirmed. B-U-7 RESOLVED 2026-08-29: OGL v3.0, council-specific attribution. encoding=cp1252. date_formats=dd/mm/yyyy=9879. 10 record(s) dated outside the analysis window (file month range 2024-12..2025-03)"
B-DS-02,Manchester City Council,https://www.manchester.gov.uk/__data/assets/file/0020/125624/expenditure_exceeding_500_january_2025.csv,Manchester_City_Council__2025-01.csv,2026-08-26,2025-01,65FB5EEEE0B37667987BEB2C973C5CD318714396289EA3767D026429B2427A90,8298,8298,0,8298,8298,0,TRUE,OGL v3.0,https://www.manchester.gov.uk/info/500215/open_data/8952/open_data_terms_and_licensing,(c) Manchester City Council retains the sole intellectual property rights to all data. This data set is licensed under the Open Government Licence 3.0,"B-U-6 RESOLVED: CSV confirmed. B-U-7 RESOLVED 2026-08-29: OGL v3.0, council-specific attribution. encoding=cp1252. date_formats=dd/mm/yyyy=8298"
B-DS-02,Manchester City Council,https://www.manchester.gov.uk/__data/assets/file/0021/125625/expenditure_exceeding_500_february_2025.csv,Manchester_City_Council__2025-02.csv,2026-08-26,2025-02,7ED4834D39E050283112645383619952C0ABE8975D7BC04E9BF4F01A58F69F69,7201,7201,0,7201,7201,0,TRUE,OGL v3.0,https://www.manchester.gov.uk/info/500215/open_data/8952/open_data_terms_and_licensing,(c) Manchester City Council retains the sole intellectual property rights to all data. This data set is licensed under the Open Government Licence 3.0,"B-U-6 RESOLVED: CSV confirmed. B-U-7 RESOLVED 2026-08-29: OGL v3.0, council-specific attribution. encoding=cp1252. date_formats=dd/mm/yyyy=7201"
B-DS-01,Ministry of Justice,https://assets.publishing.service.gov.uk/media/691462b4493305b49ce6e65d/MOJHQ_-_spend_March_2024.csv,Ministry_of_Justice__2024-03.csv,2026-08-26,2024-03,F17F8700489061DAC68C01F52AE93AB35563BA9700D210CFD1879024974395FC,522,522,5,517,511,1,TRUE,OGL v3.0,https://www.nationalarchives.gov.uk/doc/open-government-licence/version/3/,Contains public sector information licensed under the Open Government Licence v3.0.,MOJHQ only - ALBs excluded by scope decision. encoding=cp1252. MULTIPLE DATE FORMATS IN ONE COLUMN: dd/mm/yy=389; dd/mm/yyyy=127; BLANK=1. 5 blank padding rows excluded from records_real. 1 record(s) with no usable payment date. 5 record(s) dated outside the analysis window (file month range 2024-02..2024-03)
B-DS-01,Ministry of Justice,https://assets.publishing.service.gov.uk/media/692d859d2a37784b16ecf7a8/MOJHQ_-_spend_April_2024.csv,Ministry_of_Justice__2024-04.csv,2026-08-26,2024-04,4B2211265C1FAC3C673BDEE9075C50F86181B75D27087B8143DB19975AB958F8,504,504,1,503,502,1,TRUE,OGL v3.0,https://www.nationalarchives.gov.uk/doc/open-government-licence/version/3/,Contains public sector information licensed under the Open Government Licence v3.0.,MOJHQ only - ALBs excluded by scope decision. encoding=cp1252. date_formats=dd/mm/yy=502; BLANK=1. 1 blank padding rows excluded from records_real. 1 record(s) with no usable payment date
B-DS-01,Ministry of Justice,https://assets.publishing.service.gov.uk/media/692d85b5a245b0985f034336/MOJHQ_-_spend_May_2024.csv,Ministry_of_Justice__2024-05.csv,2026-08-26,2024-05,11EDADF9CB9A62038C4A4887A907E366EE8D0D696B36AB9B08972080E0A5ED52,410,410,0,410,409,1,TRUE,OGL v3.0,https://www.nationalarchives.gov.uk/doc/open-government-licence/version/3/,Contains public sector information licensed under the Open Government Licence v3.0.,MOJHQ only - ALBs excluded by scope decision. encoding=cp1252. date_formats=dd/mm/yy=409; BLANK=1. 1 record(s) with no usable payment date
B-DS-01,Ministry of Justice,https://assets.publishing.service.gov.uk/media/692d85ca9c1eda2cdf034348/MOJHQ_-_spend_June_2024.csv,Ministry_of_Justice__2024-06.csv,2026-08-26,2024-06,CEF838B82C70060CB943085F91D6653897123482131869D52626A92BB6E106E3,429,429,0,429,428,1,TRUE,OGL v3.0,https://www.nationalarchives.gov.uk/doc/open-government-licence/version/3/,Contains public sector information licensed under the Open Government Licence v3.0.,MOJHQ only - ALBs excluded by scope decision. encoding=cp1252. date_formats=dd/mm/yy=428; BLANK=1. 1 record(s) with no usable payment date
B-DS-01,Ministry of Justice,https://assets.publishing.service.gov.uk/media/692d85e22a37784b16ecf7a9/MOJHQ_-_spend_July_2024.csv,Ministry_of_Justice__2024-07.csv,2026-08-26,2024-07,6AA1A8EA160F0DC4066463CC5EE21F5705095D94BA37A68241FF37357A99C1A5,377,377,0,377,376,1,TRUE,OGL v3.0,https://www.nationalarchives.gov.uk/doc/open-government-licence/version/3/,Contains public sector information licensed under the Open Government Licence v3.0.,MOJHQ only - ALBs excluded by scope decision. encoding=cp1252. date_formats=dd/mm/yy=376; BLANK=1. 1 record(s) with no usable payment date
B-DS-01,Ministry of Justice,https://assets.publishing.service.gov.uk/media/6971f07621a2f53a6a4fd446/MOJHQ_-_spend_Aug_2024.csv,Ministry_of_Justice__2024-08.csv,2026-08-26,2024-08,1C28A26135986CE7ACBE1ABC56588D0D04931FA0DA58F2EDE3FD773E2B2684C8,394,394,0,394,393,1,TRUE,OGL v3.0,https://www.nationalarchives.gov.uk/doc/open-government-licence/version/3/,Contains public sector information licensed under the Open Government Licence v3.0.,MOJHQ only - ALBs excluded by scope decision. encoding=cp1252. date_formats=dd/mm/yy=393; BLANK=1. 1 record(s) with no usable payment date
B-DS-01,Ministry of Justice,https://assets.publishing.service.gov.uk/media/6971f09421a2f53a6a4fd447/MOJHQ_-_spend_Sep_2024.csv,Ministry_of_Justice__2024-09.csv,2026-08-26,2024-09,391A315B168632EF5A3851D9423E638CFD0AD5FC1431727777DE3187767D01E1,440,440,1,439,438,1,TRUE,OGL v3.0,https://www.nationalarchives.gov.uk/doc/open-government-licence/version/3/,Contains public sector information licensed under the Open Government Licence v3.0.,MOJHQ only - ALBs excluded by scope decision. encoding=cp1252. date_formats=dd/mm/yy=438; BLANK=1. 1 blank padding rows excluded from records_real. 1 record(s) with no usable payment date
B-DS-01,Ministry of Justice,https://assets.publishing.service.gov.uk/media/6971f0ae51bd707cb10ed885/MOJHQ_-_spend_Oct_2024.csv,Ministry_of_Justice__2024-10.csv,2026-08-26,2024-10,F4C18BA316FB368A040D605572453CC36A1971638A6EFA517CAB0DA1132196CF,382,382,1,381,381,0,TRUE,OGL v3.0,https://www.nationalarchives.gov.uk/doc/open-government-licence/version/3/,Contains public sector information licensed under the Open Government Licence v3.0.,MOJHQ only - ALBs excluded by scope decision. encoding=cp1252. date_formats=dd/mm/yy=381. 1 blank padding rows excluded from records_real
B-DS-01,Ministry of Justice,https://assets.publishing.service.gov.uk/media/6971f0c93f2908a3490404ff/MOJHQ_-_spend_Nov_2024.csv,Ministry_of_Justice__2024-11.csv,2026-08-26,2024-11,58855FBF9CD990F70DAD0E8D2C1AAA85C26CC93F22415FC11575E7696B1FD733,441,441,0,441,440,1,TRUE,OGL v3.0,https://www.nationalarchives.gov.uk/doc/open-government-licence/version/3/,Contains public sector information licensed under the Open Government Licence v3.0.,MOJHQ only - ALBs excluded by scope decision. encoding=cp1252. date_formats=dd/mm/yy=440; BLANK=1. 1 record(s) with no usable payment date
B-DS-01,Ministry of Justice,https://assets.publishing.service.gov.uk/media/6971f0e63f2908a349040500/MOJHQ_-_spend_Dec_2024.csv,Ministry_of_Justice__2024-12.csv,2026-08-26,2024-12,DC91E1CFBB0DDBFECBA5A6572D0100763B21FC3AB30B8E8213AE28629775ED2C,497,497,0,497,496,1,TRUE,OGL v3.0,https://www.nationalarchives.gov.uk/doc/open-government-licence/version/3/,Contains public sector information licensed under the Open Government Licence v3.0.,MOJHQ only - ALBs excluded by scope decision. encoding=cp1252. date_formats=dd/mm/yy=496; BLANK=1. 1 record(s) with no usable payment date
B-DS-01,Ministry of Justice,https://assets.publishing.service.gov.uk/media/69a5b32ca56a5482312c7193/MOJHQ_-_spend_Jan_2025.csv,Ministry_of_Justice__2025-01.csv,2026-08-26,2025-01,39618188EA913DD119D62CD7ACD6A92A19CB20744A5134B7B1FFD6DDC689345F,418,418,10,408,384,24,TRUE,OGL v3.0,https://www.nationalarchives.gov.uk/doc/open-government-licence/version/3/,Contains public sector information licensed under the Open Government Licence v3.0.,MOJHQ only - ALBs excluded by scope decision. encoding=cp1252. MULTIPLE DATE FORMATS IN ONE COLUMN: excel_serial=329; dd/mm/yy=55; BLANK=24. 10 blank padding rows excluded from records_real. 24 record(s) with no usable payment date. Excel serial dates present - epoch 1899-12-30 verified against the file reporting month (B-U-10 resolved)
B-DS-01,Ministry of Justice,https://assets.publishing.service.gov.uk/media/69a5b349bc86a487b52c719a/MOJHQ_-_spend_Feb_2025.csv,Ministry_of_Justice__2025-02.csv,2026-08-26,2025-02,1250AA055A3DE0A02A2F4F13A239E4E24F2AD67D806768DC5C7663DB4D9D0A75,346,346,0,346,344,1,TRUE,OGL v3.0,https://www.nationalarchives.gov.uk/doc/open-government-licence/version/3/,Contains public sector information licensed under the Open Government Licence v3.0.,MOJHQ only - ALBs excluded by scope decision. encoding=cp1252. MULTIPLE DATE FORMATS IN ONE COLUMN: dd/mm/yyyy=201; dd/mm/yy=144; BLANK=1. 1 record(s) with no usable payment date. 1 record(s) dated outside the analysis window (file month range 2025-02..2025-03)
B-DS-03,Companies House,https://download.companieshouse.gov.uk/BasicCompanyData-2026-08-01-part1_7.zip,BasicCompanyData-2026-08-01-part1_7.zip,2026-08-26,SNAPSHOT,30559C7DA4C7E627E7C6566B973BCDF38F3867D36D25BDA8D4B9889B84B157E1,850000,849999,0,849999,N/A,N/A,FALSE,Crown copyright,https://www.gov.uk/government/organisations/companies-house,"Contains public sector information from Companies House, licensed under Crown copyright.","FROZEN SNAPSHOT 2026-08-26 - do not re-pull (freeze rule, section 6). Reference master, not transaction data - excluded from the E-1 record reconciliation. Row count pending: requires unzip, see Step 5 manual instruction"
B-DS-03,Companies House,https://download.companieshouse.gov.uk/BasicCompanyData-2026-08-01-part2_7.zip,BasicCompanyData-2026-08-01-part2_7.zip,2026-08-26,SNAPSHOT,632CD4EFB5064A67B30EA176346484267EB7ECEF0E4A25E20D01419CE1EF6AA2,850001,850000,0,850000,N/A,N/A,FALSE,Crown copyright,https://www.gov.uk/government/organisations/companies-house,"Contains public sector information from Companies House, licensed under Crown copyright.","FROZEN SNAPSHOT 2026-08-26 - do not re-pull (freeze rule, section 6). Reference master, not transaction data - excluded from the E-1 record reconciliation. Row count pending: requires unzip, see Step 5 manual instruction"
B-DS-03,Companies House,https://download.companieshouse.gov.uk/BasicCompanyData-2026-08-01-part3_7.zip,BasicCompanyData-2026-08-01-part3_7.zip,2026-08-26,SNAPSHOT,64A0EC735283CA9A7AF45D6D4D651C7005B2B68759E8EEA74D4C86C569AF8516,850001,850000,0,850000,N/A,N/A,FALSE,Crown copyright,https://www.gov.uk/government/organisations/companies-house,"Contains public sector information from Companies House, licensed under Crown copyright.","FROZEN SNAPSHOT 2026-08-26 - do not re-pull (freeze rule, section 6). Reference master, not transaction data - excluded from the E-1 record reconciliation. Row count pending: requires unzip, see Step 5 manual instruction"
B-DS-03,Companies House,https://download.companieshouse.gov.uk/BasicCompanyData-2026-08-01-part4_7.zip,BasicCompanyData-2026-08-01-part4_7.zip,2026-08-26,SNAPSHOT,E0431350ED6BA21CE25CABE4F453E121D977DF8E234B87867D5FF26929BAAFEF,850001,850000,0,850000,N/A,N/A,FALSE,Crown copyright,https://www.gov.uk/government/organisations/companies-house,"Contains public sector information from Companies House, licensed under Crown copyright.","FROZEN SNAPSHOT 2026-08-26 - do not re-pull (freeze rule, section 6). Reference master, not transaction data - excluded from the E-1 record reconciliation. Row count pending: requires unzip, see Step 5 manual instruction"
B-DS-03,Companies House,https://download.companieshouse.gov.uk/BasicCompanyData-2026-08-01-part5_7.zip,BasicCompanyData-2026-08-01-part5_7.zip,2026-08-26,SNAPSHOT,DEF74D8CFEFF84DB235167B8FB53183463091273057AE1B07FB3BE3849C3F051,850001,850000,0,850000,N/A,N/A,FALSE,Crown copyright,https://www.gov.uk/government/organisations/companies-house,"Contains public sector information from Companies House, licensed under Crown copyright.","FROZEN SNAPSHOT 2026-08-26 - do not re-pull (freeze rule, section 6). Reference master, not transaction data - excluded from the E-1 record reconciliation. Row count pending: requires unzip, see Step 5 manual instruction"
B-DS-03,Companies House,https://download.companieshouse.gov.uk/BasicCompanyData-2026-08-01-part6_7.zip,BasicCompanyData-2026-08-01-part6_7.zip,2026-08-26,SNAPSHOT,27A5B8264F9D256AE6AE9DF44D0F5D308C83FA9AF596CB251981D3F7AB2E4EAD,850001,850000,0,850000,N/A,N/A,FALSE,Crown copyright,https://www.gov.uk/government/organisations/companies-house,"Contains public sector information from Companies House, licensed under Crown copyright.","FROZEN SNAPSHOT 2026-08-26 - do not re-pull (freeze rule, section 6). Reference master, not transaction data - excluded from the E-1 record reconciliation. Row count pending: requires unzip, see Step 5 manual instruction"
B-DS-03,Companies House,https://download.companieshouse.gov.uk/BasicCompanyData-2026-08-01-part7_7.zip,BasicCompanyData-2026-08-01-part7_7.zip,2026-08-26,SNAPSHOT,73D9D11C40D77BFD3C78685BE008FC1CE270A64DDD3ECCA626E3C640F5686829,595469,595468,0,595468,N/A,N/A,FALSE,Crown copyright,https://www.gov.uk/government/organisations/companies-house,"Contains public sector information from Companies House, licensed under Crown copyright.","FROZEN SNAPSHOT 2026-08-26 - do not re-pull (freeze rule, section 6). Reference master, not transaction data - excluded from the E-1 record reconciliation. Row count pending: requires unzip, see Step 5 manual instruction"
